Source,Translation
Finance,المالية
Finance Workbench,مساحة عمل المالية
Original Accounting Workspace,مساحة المحاسبة الأصلية
SIG Finance,مالية SIG
Finance workbench,مساحة عمل المالية
Daily finance work,العمل المالي اليومي
"Daily finance work, backed by ERPNext records and accounting controls.",أعمال مالية يومية تستند إلى سجلات ERPNext والضوابط المحاسبية.
"Open the source documents used for customer, supplier, payment, and journal work.",افتح المستندات المصدر المستخدمة في أعمال العملاء والموردين والمدفوعات والقيود اليومية.
Payment entries,سندات الدفع
"Review receipts, supplier payments, and their invoice allocations.",راجع المقبوضات ومدفوعات الموردين وتخصيصها على الفواتير.
Sales invoices,فواتير المبيعات
Review customer invoices and collection status.,راجع فواتير العملاء وحالة التحصيل.
Purchase invoices,فواتير المشتريات
Review supplier invoices after the purchasing and receipt handoff.,راجع فواتير الموردين بعد إتمام إجراءات الشراء والاستلام.
Journal entries,القيود اليومية
Review controlled accounting entries; draft first and submit with authority.,راجع القيود المحاسبية المنضبطة؛ أنشئ مسودة أولاً ولا ترحّل إلا بصلاحية معتمدة.
Financial control,الرقابة المالية
Core statements and ledger traceability. Each report keeps its own filters.,القوائم الأساسية وتتبع الأستاذ العام. يحتفظ كل تقرير بعوامل التصفية الخاصة به.
General Ledger,دفتر الأستاذ العام
Trace posted balances to their source vouchers.,تتبّع الأرصدة المرحلة إلى مستنداتها المصدرية.
Trial Balance,ميزان المراجعة
Check debit and credit balances for the selected period.,تحقق من أرصدة المدين والدائن للفترة المحددة.
Profit and Loss,الأرباح والخسائر
Review income and expense performance.,راجع أداء الإيرادات والمصروفات.
Balance Sheet,قائمة المركز المالي
"Review assets, liabilities, and equity.",راجع الأصول والالتزامات وحقوق الملكية.
Sales Register,سجل المبيعات
Sales Invoice Trends,اتجاهات فواتير المبيعات
Accounts Receivable,الحسابات المدينة
Sales and collections,المبيعات والتحصيل
"Customer billing and receivable review, including the Tawal customer lane.",راجع فواتير العملاء والذمم المدينة، بما في ذلك مسار عميل توال.
Purchasing and payables,المشتريات والذمم الدائنة
Purchase Register,سجل المشتريات
Purchase Invoice Trends,اتجاهات فواتير المشتريات
Accounts Payable,الحسابات الدائنة
Supplier invoice review after the Purchase Order and receipt handoff.,راجع فواتير الموردين بعد إجراءات أمر الشراء والاستلام.
Reconciliation and evidence,التسوية والمستندات المؤيدة
"Review source evidence before matching, approval, or posting.",راجع مستندات المصدر قبل المطابقة أو الاعتماد أو الترحيل.
Specialist finance lanes,مسارات مالية متخصصة
Separate controlled workspaces for petty cash and tax-compliance evidence.,مساحات عمل مستقلة ومنضبطة للعهد النقدية ومستندات الامتثال الضريبي.
Reference and setup,المراجع والإعداد
Use less-frequent finance masters and reporting references.,استخدم البيانات المالية المرجعية والإعدادات الأقل استخداماً.
SIG Petty Cash,العهد النقدية SIG
"Open the separate evidence, clearance, and finance handoff workspace.",افتح مساحة العمل المستقلة للمستندات والتصفية والتسليم إلى المالية.
ZATCA Integrations,تكاملات هيئة الزكاة والضريبة والجمارك
Review tax-compliance evidence linked to the source invoice.,راجع مستندات الامتثال الضريبي المرتبطة بفاتورة المصدر.
Draft payments queue,قائمة مراجعة مسودات الدفع
Review draft payment entries before approval or posting.,راجع مسودات سندات الدفع قبل اعتمادها أو ترحيلها.
Bank transactions,المعاملات البنكية
Review statement evidence before matching or reconciliation.,راجع بيانات كشف الحساب قبل المطابقة أو التسوية.
Chart of accounts,دليل الحسابات
Reference the account hierarchy; setup remains a controlled finance task.,راجع هيكل الحسابات؛ يظل الإعداد مهمة مالية خاضعة للضوابط.
Cost centers,مراكز التكلفة
Reference financial responsibility and reporting dimensions.,راجع أبعاد المسؤولية المالية والتقارير.
"This page is navigation only. It does not create or post accounting entries; document, workflow, and report permissions remain enforced by ERPNext.",هذه الصفحة للتنقل فقط ولا تنشئ أو ترحّل قيوداً محاسبية؛ وتظل صلاحيات المستندات وسير العمل والتقارير مطبّقة بواسطة ERPNext.
SIG Accounting,محاسبة SIG
Accounts,الحسابات
Tawal and operational follow-up,متابعة توال والعمليات المالية
Operational follow-up and positions,المتابعة التشغيلية والأرصدة
"Tawal customer review, payment processing, SNB-linked entries, supplier exposure, and draft journals from SIG Accounting.","مراجعة عميل توال ومعالجة المدفوعات والقيود المرتبطة بالبنك الأهلي والالتزامات للموردين ومسودات القيود من محاسبة SIG."
Tawal customer invoices,فواتير عميل توال
"Review ERP invoices against Tawal portal, receipt, and retention evidence; the ERP outstanding total is not a confirmed collectible balance.","راجع فواتير النظام مقابل بوابة توال وإثباتات المقبوضات والاستقطاعات؛ إجمالي الذمم في النظام ليس رصيداً مؤكداً للتحصيل."
Tawal receipts posted this month,مقبوضات توال المرحلة هذا الشهر
"Count of submitted Tawal receipts; open the filtered list to review invoice allocations.","عدد مقبوضات توال المرحلة؛ افتح القائمة المصفاة لمراجعة تخصيصها على الفواتير."
Tawal draft payments,مسودات مدفوعات توال
Draft receipts awaiting finance review.,مقبوضات مسودة بانتظار المراجعة المالية.
SNB draft payments,مسودات مدفوعات البنك الأهلي
Draft payment entries carrying an SNB source key.,مسودات سندات دفع تحمل مفتاح مصدر البنك الأهلي.
SNB payments submitted this month,مدفوعات البنك الأهلي المرحلة هذا الشهر
"Submitted SNB-linked payments; this is not a bank-reconciliation count.","مدفوعات مرتبطة بالبنك الأهلي ومرحلة؛ هذا ليس عدد عمليات التسوية البنكية."
Open supplier invoices,فواتير الموردين غير المسددة
"Count of submitted supplier invoices with an outstanding balance; not a monetary total.","عدد فواتير الموردين المرحلة ذات الرصيد المستحق؛ وليس إجمالي مبلغ مالي."
Unsubmitted journal entries,قيود يومية غير مرحلة
Review draft journals before an authorized accountant submits them.,راجع مسودات القيود قبل ترحيلها من محاسب مخول.
SIG HR,الموارد البشرية SIG
HR Workbench,مساحة عمل الموارد البشرية
HR workbench,مساحة عمل الموارد البشرية
Human Resources,الموارد البشرية
Employees,الموظفون
"Active employee records, contacts, and assignments.",سجلات الموظفين النشطين وبيانات التواصل والتكليفات.
Onboarding board,لوحة التهيئة
"Each employee's access, custody ledger, bank, WhatsApp, and compliance checks.",فحوصات كل موظف: الدخول، حساب العهدة، البنك، واتساب، والامتثال.
People readiness,جاهزية الموظفين
"One row per employee: login, mobile, custody ledger, and balance.",صف لكل موظف: الدخول والجوال وحساب العهدة والرصيد.
Custody ledger balances,أرصدة حسابات العهد
"Every 1322 custody ledger with its employee, balance, and last posting.",كل حسابات العهد 1322 مع الموظف والرصيد وآخر قيد.
Iqama expired,إقامات منتهية
Active employees past their Iqama expiry (from the monthly Muqeem upload).,موظفون نشطون انتهت إقاماتهم (من تحميل مقيم الشهري).
Iqama due within 30 days,إقامات تنتهي خلال 30 يومًا
Start renewals now.,ابدأ التجديد الآن.
Onboarding exceptions,استثناءات التهيئة
"Employees with a missing login, ledger, mobile, or identity data.",موظفون ينقصهم الدخول أو حساب العهدة أو الجوال أو بيانات الهوية.
Email replies to review,ردود البريد للمراجعة
"Official emails received on WhatsApp, waiting for HR to apply.",بريد رسمي وصل عبر واتساب بانتظار اعتماد الموارد البشرية.
Iqama renewals (90 days),تجديد الإقامات (90 يومًا)
Iqama expiring within 90 days or already expired.,إقامات تنتهي خلال 90 يومًا أو منتهية.
Passport renewals (90 days),تجديد الجوازات (90 يومًا)
Passport expiring within 90 days or already expired.,جوازات تنتهي خلال 90 يومًا أو منتهية.
Work permit renewals (90 days),تجديد رخص العمل (90 يومًا)
Work permit expiring within 90 days or already expired.,رخص عمل تنتهي خلال 90 يومًا أو منتهية.
My open tasks,مهامي المفتوحة
Open to-dos assigned to you.,المهام المفتوحة المسندة إليك.
No mobile number,بدون رقم جوال
Cannot receive WhatsApp or appear in attendance.,لا يمكنه استقبال واتساب أو الظهور في الحضور.
Login email not deliverable,بريد الدخول غير صالح للإرسال
Login is an internal .local address that cannot receive email.,الدخول بعنوان .local داخلي لا يستقبل البريد.
Placeholder birth date,تاريخ ميلاد مؤقت
Date of birth is the 1900-01-01 placeholder.,تاريخ الميلاد هو القيمة المؤقتة 1900-01-01.
No user linked,بدون مستخدم مرتبط
Active employees without a system user.,موظفون نشطون بدون مستخدم في النظام.
No custody ledger,بدون حساب عهدة
Active employees without a 1322 custody ledger.,موظفون نشطون بدون حساب عهدة 1322.
Approvals queue,قائمة الموافقات
"Leave, expense, and advance requests waiting for a decision.",طلبات الإجازات والمصروفات والسلف بانتظار القرار.
Leave applications,طلبات الإجازة
Not in use yet: leave policies are configured in a later HR stage.,غير مستخدم بعد: تُعد سياسات الإجازات في مرحلة لاحقة.
Expense claims,مطالبات المصروفات
Not in use yet.,غير مستخدم بعد.
Employee advances,سلف الموظفين
Request official emails,طلب البريد الرسمي
"Ask employees on .local logins, by WhatsApp, to reply with their official email. Replies are collected for HR review; nothing is changed automatically.",اطلب عبر واتساب من الموظفين ذوي حسابات .local الرد ببريدهم الرسمي. تُجمع الردود لمراجعة الموارد البشرية ولا يتغير شيء تلقائيًا.
"Daily people work, compliance, and the link between employees and finance.",العمل اليومي للموظفين والامتثال والربط بين الموظفين والمالية.
Daily people work,العمل اليومي للموظفين
Open the employee records and the onboarding checks.,افتح سجلات الموظفين وفحوصات التهيئة.
Needs attention,يحتاج متابعة
Counts that need action today.,أعداد تحتاج إجراءً اليوم.
Compliance,الامتثال
"Renewal queues filtered by expiry date, and your open tasks.",قوائم التجديد حسب تاريخ الانتهاء ومهامك المفتوحة.
Data quality,جودة البيانات
"Gaps that block WhatsApp, logins, or custody postings.",نواقص تمنع واتساب أو الدخول أو قيود العهدة.
HR actions,إجراءات الموارد البشرية
Controlled actions for HR managers.,إجراءات مضبوطة لمديري الموارد البشرية.
Requests and approvals,الطلبات والموافقات
"Employee requests. Leave, expense, and advance processes start in a later HR stage.",طلبات الموظفين. تبدأ إجراءات الإجازات والمصروفات والسلف في مرحلة لاحقة.
"This page is navigation only. Document, workflow, and report permissions remain enforced by ERPNext.",هذه الصفحة للتنقل فقط. تبقى صلاحيات المستندات وسير العمل والتقارير مطبقة في ERPNext.
already asked,سبق سؤاله
Recipients,المستلمون
Message,الرسالة
Send to recipients,إرسال إلى المستلمين
Send the WhatsApp message to {0} employees?,إرسال رسالة واتساب إلى {0} موظفين؟
Sent: {0}. Failed: {1}. Skipped (asked recently): {2}.,أُرسلت: {0}. فشلت: {1}. تم التخطي (سُئلوا مؤخرًا): {2}.
Send test to test phone,إرسال تجربة إلى رقم الاختبار
Test message sent: {0}.,أُرسلت رسالة الاختبار: {0}.
